hrs of phone,45.75
star.got this moto,45.75
it..and for regular,45.75
issues ... .yeah,45.75
reviews of heating,45.75
voice clarity problems,45.75
rid of reading,45.75
device on 19th,45.75
battery is long,45.75
warmed up ...,45.75
makes life easier,45.75
great.. battry backup,45.75
query- [ ...,45.75
front & amp,45.75
amazing camera quality,45.75
works superb ...,45.75
fast.the fingerprint sensor,45.75
number of apps,45.75
moto has gave,45.75
displayreally good sound,45.75
checked the temperature,45.75
features - finger,45.75
`` fingerprint sensor,45.75
white color touch,45.75
touch is osm,45.75
free smooth performance,45.75
good and smooth,45.75
excellent battery life.cons:1,45.75
replacement.. the device,45.75
ur budget '',45.75
..i played modern,45.75
... .under price,45.75
package was bad.now,45.75
light and hady,45.75
hai ... ..,45.75
good except heating,45.75
gaming and excess,45.75
customer reviews ..i,45.75
effectgot more reviews,45.75
long lasting battery,45.75
5.5 ' inch,45.75
good with 6+,45.75
rest every thing,45.75
gud & amp,45.75
volume is average,45.75
silky smooth performance,45.75
till end.overall good,45.75
design and build,45.75
smooth performance 3.,45.75
functional ) average,45.75
smooth ... .this,45.75
good its work,45.75
touch @ performanace,45.75
phone speed ..good,45.75
buy itüëçüëçüëçüëçüëçüëå '',45.75
10/10overall 10/10 '',45.75
soo ... good,45.75
3/5yellowish tinted displayno,45.75
maximum on screen,45.75
cameragood crisp displayabove,45.75
usage my brother,45.75
touch feel camera,45.75
hour it barely,45.75
`` looks premium.very,45.75
turbo charger too..,45.75
things i found,45.75
bubble witch saga,45.75
luking pretty good,45.75
nice phone costing,45.75
time by amazon,45.75
launch at midnight.camera,45.75
delivered on 30th,45.75
hold it proper,45.75
sturdy look.+picture quality,45.75
insisted to buy,45.75
sensor3.quickly can glimpse,45.75
read the review,45.75
5.5 inch screen,45.75
policies have changed.worst,45.75
condition not well..selfie,45.75
moto g4 displays,45.75
peoples to purchase,45.75
light conditionsbattery life,45.75
good camera interface.negativesbattery,45.75
performanceno over heating,45.75
mono speakerno compass,45.75
kahi guna achha,45.75
version 12k redmi,45.75
receptive and quickpicture,45.75
heavy duty apps,45.75
product ... finger,45.75
selected ) .corning,45.75
days and frankly,45.75
set .extremly satisfied.no,45.75
phone gets slightly,45.75
properly.. right side,45.75
brick in ur,45.75
charger in 1hour,45.75
.. got delivered,45.75
hour of gameplay,45.75
performancefinger print sensorcamerafast,45.75
buy a micro,45.75
fast..overall heating issue,45.75
worth buying smartphone,45.75
fb..no usage issues,45.75
working ... updated,45.75
heated with normal,45.75
descent low light,45.75
long// it depends,45.75
.. @ screen,45.75
amazing.camera is awesome.turbo,45.75
test the replacement,45.75
purchases from amazon,45.75
150000.screen is good,45.75
mobile by moto,45.75
excessive during internet,45.75
charging and heavy,45.75
performance is awesome,45.75
ordered moto g4,45.75
mobile gets full,45.75
nyte..glass getting scratches,45.75
avg users..like camera,45.75
bought two moto,45.75
flash light turns,45.75
touch is smooth,45.75
buy that oneplus,45.75
phone must recommend,45.75
wise great ...,45.75
natural light ...,45.75
camera the phones,45.75
attempt and detects,45.75
problem.its temperature rises,45.75
improved than previous,45.75
`` good battery,45.75
mind now lenovo,45.75
camera is mind,45.75
... still lasting,45.75
breaker but decent,45.75
saturation..touch and feel,45.75
great touchpretty decent,45.75
osm ... finger,45.75
a‚Äôsany heating issues,45.75
updates of android,45.75
.this moto sports,45.75
performance 3. call,45.75
`` very poor,45.75
heat over continuous,45.75
warm during charging..,45.75
love moto iska,45.75
average smartphone.turbo charger,45.75
good with hd,45.75
fast.it does heat,45.75
find much heating,45.75
amazon to delivered,45.75
phn only..please reply,45.75
displays excellent research,45.75
order another phone,45.75
weight.. very fast..,45.75
camera and small,45.75
cools in jst,45.75
clear pictures.+turbo power,45.75
continuous and large,45.75
better.low light performance,45.75
phone.phone gets heated,45.75
touch is super,45.75
.lakin ek kami,45.75
phone ... design,45.75
packed crystal clear,45.75
ko kya chahiye,45.75
played heavy duty,45.75
light turns on.5,45.75
..cons:1.charges very fast,45.75
sleek look design,45.75
flurry of colorsthe,45.75
... typing experience,45.75
`` badly disappointed,45.75
returned and replaced,45.75
too.. 5.5 inch,45.75
camera interface.negativesbattery life,45.75
reached within time,45.75
make any purchases,45.75
reallly fast ...,45.75
properly but icon,45.75
good not best.heats,45.75
worth a buy,45.75
phone is perfect,45.75
output is excellent.vivid,45.75
hyped turbo charger,45.75
device has good,45.75
good stuff.demoralized features1.bad,45.75
show direction arrow,45.75
phones under 15k,45.75
games .mobile ie.moto,45.75
camera too good,45.75
guess the future,45.75
speed 10/10overall 10/10,45.75
camera samsung j7,45.75
use.finger print sensor,45.75
delivers the performance,45.75
disappoint me either.build,45.75
charging1 % buggyplease,45.75
memory and ram,45.75
fan about moto,45.75
lag while juggling,45.75
worth every bit,45.75
fast and efficientlygreat,45.75
`` after reading,45.75
hesitation and remember,45.75
good features ...,45.75
fans fan buy,45.75
lot of reviews,45.75
comment pe bharosa,45.75
software updatesaudio output,45.75
easy..i dropped xiome,45.75
watching movies- 2/5,45.75
usage of games,45.75
camera with fast,45.75
full manual mode,45.75
print sensor resolution,45.75
review for people,45.75
heard while calling,45.75
`` [ ...,45.75
quality is awesome,45.75
thought lacks magnetometer,45.75
phones having heating,45.75
g4 plus day,45.75
apps are working,45.75
buy a midrange,45.75
... i played,45.75
purchase phone dont,45.75
played modern combat,45.75
battery performance ...,45.75
15k ... good,45.75
..motorola really paid,45.75
worth for rs.15000,45.75
mobile but simply,45.75
experiencegood camerabut amazon,45.75
`` hi therebought,45.75
.but the battery,45.75
pc.as the temp,45.75
ibwas hving samsung,45.75
... about phone,45.75
continuous multi-touch '',45.75
awesome and till,45.75
background blur feature.3,45.75
good speakers sound,45.75
smooth lag free,45.75
performance of phone,45.75
aircel sim card,45.75
touch and ya,45.75
good and perfect,45.75
fastest exceptional transition,45.75
motion video capturing,45.75
speed is good,45.75
bharosa mt rakho,45.75
issue plz rpl,45.75
true but heats,45.75
19th may ..,45.75
bt nothing troublesome,45.75
quality is average.overall,45.75
charger does n't,45.75
browsing and charging,45.75
lot of bad,45.75
simultaneously may expect,45.75
blaster - nothere,45.75
days of usage,45.75
opening bigger games,45.75
data of whatsapp,45.75
gflawless gaming smooth,45.75
9/10for touch 10/10for,45.75
man dont listen,45.75
antutu cpu master,45.75
ll never regret,45.75
disadvantage is heating,45.75
battery goes to10,45.75
phone 65. battery,45.75
left for me..,45.75
review in short,45.75
nice handset luking,45.75
`` heating problem.the,45.75
fast.. good sound..,45.75
absolutely gorgeous phone,45.75
it.. i bet,45.75
gb ram free,45.75
sensor dnt recognises,45.75
blasting feature phone,45.75
makes screen robust,45.75
version from amazon,45.75
update very quicklycons,45.75
week of good,45.75
stronghold..i 'm fully,45.75
hai ki customer,45.75
infamous `` ghost,45.75
camera even foe,45.75
1-2 hrs '',45.75
disappointment3 ) preloded,45.75
addressing those things,45.75
bright and clear,45.75
fr u ...,45.75
.. the phone,45.75
phone by playing,45.75
`` my honest,45.75
great ... .lakin,45.75
absolutely working fine,45.75
phone works fast,45.75
makes the downfall,45.75
retail was bad.moto,45.75
gaming smooth performancebetter,45.75
once..so i 'm,45.75
original .i 'm,45.75
camara excellent phone,45.75
b'cos of screen,45.75
..liked it '',45.75
charger too.. 5.5,45.75
615. but amazon,45.75
bit heatup sometimes7-,45.75
today on 9th,45.75
update ... '',45.75
find any heating,45.75
charge is awesome,45.75
hours of browsing,45.75
simple by addressing,45.75
quality is excellent,45.75
hanging in multitasking,45.75
mobile or not.its,45.75
dataheating issueduring charging,45.75
coming to phonesimply,45.75
camera and stock,45.75
lag overall ..i,45.75
phone ( 3gb,45.75
costs me 15k,45.75
... update download,45.75
guyz.. do n't,45.75
automatically start blinking,45.75
video and recording,45.75
boxlooks goodquite sleek,45.75
replaced the phone,45.75
phone moto g4,45.75
market in moto,45.75
suuppperb product ...,45.75
`` as compare,45.75
software are gr8,45.75
bang for buckfirst,45.75
hot during charging,45.75
job but camera,45.75
runs for maximum,45.75
good to hold,45.75
nice.of course ...,45.75
feather in ur,45.75
full day.amazon packing,45.75
mt rakho ...,45.75
turbocharger it heats,45.75
totally unbelievable..overall great,45.75
mind blowing üòÄ,45.75
hitting issue plz,45.75
write a review,45.75
days ... 1.,45.75
resistent capability.moto g4,45.75
running mobile working,45.75
choosy about gadget,45.75
back to hit,45.75
lasting battery adds,45.75
words to describe,45.75
-1 star.. '',45.75
life - 4/5speed,45.75
good as g1oly,45.75
... optimum brightness,45.75
gb for userexternal,45.75
unbelievable battery performance,45.75
facing same issue,45.75
phones but compensated,45.75
trust me guyz,45.75
sound.. only battery,45.75
iphone ) wil,45.75
product from motorola,45.75
due to wide,45.75
`` *5 days,45.75
mobile with excellent,45.75
wifi or internet,45.75
supurb phone '',45.75
lag free smooth,45.75
experience of moto,45.75
hey this mobile,45.75
clicked with eyes,45.75
`` awesum product.my,45.75
produced is totally,45.75
geo magnetic sensor,45.75
... also motorola,45.75
that.the best feature,45.75
1/5but phone rocksgo,45.75
till date ...,45.75
phone since saturday,45.75
open the gift,45.75
post a detailed,45.75
charging speed ..within,45.75
concept..greatthe overall feel,45.75
camera.battery will happily,45.75
4- navigation/maps- 3/5yellowish,45.75
s3 ) battery,45.75
days since release,45.75
backup is ok7.nice,45.75
performancehigh camera qualitygood,45.75
white 3gb/32gb version,45.75
users ... ..phone,45.75
class.smooth touch.excellent display.battery,45.75
blowing üòÄ '',45.75
laptop and charge,45.75
lenovo did n't,45.75
battery charging speed,45.75
electronics private limited,45.75
joined together vit,45.75
quickly..i got replacement,45.75
moto should introuduce,45.75
... .running smoothly,45.75
built quality.. camera,45.75
ur next ear,45.75
true the phone,45.75
service is poor,45.75
set the sleep,45.75
expect little heating,45.75
issues ... heats,45.75
gestures and moto,45.75
group selfies due,45.75
phone ... .under,45.75
sensor.as well android,45.75
9. faster charing,45.75
cancel the order,45.75
bit of it.superfast,45.75
long lasting.the display,45.75
everytime i put,45.75
game ... .i,45.75
good price tag,45.75
thing for long,45.75
core processor.finger sensor,45.75
pictures with great,45.75
exceptional transition effects5.fast,45.75
good set .extremly,45.75
heating while playing,45.75
screen fluctuation hen,45.75
15mins heats- 2/5,45.75
charging and recording,45.75
small clarity problem,45.75
battery is decent,45.75
review works superb,45.75
iphone.camera on normal,45.75
3/5 3- watching,45.75
usage.the basic pros,45.75
user.4g works efficiently,45.75
bit of penny,45.75
25. bit disappointed,45.75
sensor.. this phone,45.75
gorilla glass ..,45.75
tested the device,45.75
quikly plz fix,45.75
opened the boxlooks,45.75
notification without opening,45.75
28/5/2016 at 7:15,45.75
rom are sufficient,45.75
`` the camera,45.75
... no hanging,45.75
limited and coming,45.75
videos and playing,45.75
5days 16gb version.postivesdescent,45.75
white coloured version,45.75
performance is exlent..till,45.75
choose this phone.camera,45.75
service by amazon.the,45.75
gallery except google,45.75
lenovo k4 note,45.75
beast..i only doubted,45.75
`` my brother,45.75
technology with long,45.75
purpose and moto,45.75
... excellent camera,45.75
26.after a lot,45.75
ordered 3gb variant,45.75
matter because moto,45.75
mode is greatgood,45.75
amazon.in.very impressive piece,45.75
9/10for front camera,45.75
good.+also battery backup,45.75
time.finger print scanner,45.75
good and crisp.3,45.75
games on pc.as,45.75
low light image,45.75
space3-front firing speakers4-,45.75
heatup sometimes7- charges,45.75
great.although the battery,45.75
running a pure,45.75
bit heating issue,45.75
ghost touch '',45.75
`` amazing phone,45.75
working fine till,45.75
quality headphonesapp icons,45.75
good enough.battery backup,45.75
lot of search,45.75
product only heating,45.75
controls are soo,45.75
supportsgood front camera,45.75
perfectit has slowmotin,45.75
holding in hands,45.75
money.thanks to amazon,45.75
n't think 15k,45.75
heating issue.moto takes,45.75
underlined ) 4.,45.75
everyone.i 'm loving,45.75
moto phone has.3.charger,45.75
usage.no any major,45.75
effects5.fast and loaded,45.75
good.performance is good,45.75
great like touch,45.75
unlocks the phone,45.75
low light conditionsbattery,45.75
amazon cant refund,45.75
`` all things,45.75
heat ... .but,45.75
music quality ...,45.75
phone and whatsapp,45.75
flawlessly ... .turbo,45.75
run one day,45.75
worst ..i bought,45.75
rectify this .2.,45.75
ordered the 32gb,45.75
stock android phone,45.75
splendid crystal clear,45.75
icon issue persists,45.75
read a lot,45.75
front and rear,45.75
brightness and colour,45.75
series of mobile,45.75
touch sometime touch,45.75
light is average..,45.75
check for updates,45.75
motorola forum sucks,45.75
videos..great color saturation..touch,45.75
lenovo moto nailed,45.75
... .outdoor condition,45.75
4. screen brightness,45.75
games on it..and,45.75
inch and supports,45.75
cons:1. battery charge,45.75
displayabove average battery,45.75
fab.last 10days review,45.75
*has slow motion,45.75
ph have //,45.75
guaranteed by motocons,45.75
32gb variant.camera-4/5performance-4/5design-3.5/5fingerprint sensor-4/5amazon,45.75
phone.. this phone,45.75
heated very fast,45.75
rakho ... ...,45.75
/min ) cons-heating,45.75
working great.really satisfied,45.75
top most ...,45.75
improvedfingerprint sensor works,45.75
trust ... heating,45.75
nice one moto,45.75
excellent.vivid and bright,45.75
shows its american,45.75
glimpse through notification,45.75
promised by motorola,45.75
phone was disturbing..it,45.75
lot of features,45.75
.it wont confuse,45.75
net on full,45.75
phone..worth buying ...,45.75
charge the battery.earphones,45.75
blindly without thinking,45.75
good camera phone,45.75
terms of health,45.75
heating gets reducedlittle,45.75
crispoverall a satisfying,45.75
faced a single,45.75
issue- the phone,45.75
.. i guess,45.75
8day it took..might,45.75
heated up wen,45.75
turbocharging and useage,45.75
features1.light weight2.simple design3.clear,45.75
wifi and network,45.75
high speed processor,45.75
..fastest fingure sensor,45.75
phone but plastic,45.75
hving samsung a7,45.75
performance is ok.2,45.75
cpu using antutu,45.75
gb of memory,45.75
display and superior,45.75
16gb version.postivesdescent performanceno,45.75
fine until yesterday,45.75
... 9. faster,45.75
phone is superb,45.75
`` this mobile,45.75
gb ram model,45.75
... so steady,45.75
case of mobile,45.75
bought from moto,45.75
loud\superb finger print,45.75
features1.bad quality earphone,45.75
played on speaker,45.75
camera quality ...,45.75
internal memory use..fingerprint,45.75
-vfm good cell,45.75
front camera 9/10for,45.75
device for couple,45.75
troublesome ... .processor,45.75
life seems average.a,45.75
phone under 18k,45.75
..amazon customer reviews,45.75
nw.. i hv,45.75
poor battery life,45.75
weight power packed,45.75
satisfying purchaseonly con,45.75
... just wowwww,45.75
heating during charging,45.75
10/10for speed 10/10overall,45.75
problem i faced,45.75
open and check,45.75
one.the only drawback,45.75
average.a full charge,45.75
finger print unlocking,45.75
smooth uihigh end,45.75
shipped a 2gb,45.75
facing with screen,45.75
browsing for long,45.75
... just awesome,45.75
backup is cool,45.75
sensor is fast3,45.75
recieved mobile yesterday,45.75
video capturing feature,45.75
pata hai ki,45.75
`` not worth,45.75
3rd class service,45.75
usage only heats,45.75
lot of happiness,45.75
barely a week,45.75
average but okayfinger,45.75
temperature of phone,45.75
earphone actually painful.2.no,45.75
charging and phone,45.75
plastic back cover,45.75
stops during gaming,45.75
beauty & amp,45.75
hour..battety was good.phone,45.75
bought the phone,45.75
remaining ... ..camera,45.75
wateva the issues,45.75
hanging..i wont blame,45.75
quality is best..,45.75
`` nice phone..it,45.75
phone heatup quikly,45.75
purchase this '',45.75
happiness and pleasant,45.75
n't think abt,45.75
... some things,45.75
day ... packaging,45.75
average battery lifeload,45.75
lots of post,45.75
apply ur index,45.75
phones have heating,45.75
processor and unique,45.75
motorola and give,45.75
great and unlocks,45.75
sharp and design,45.75
`` excellent delivery,45.75
date..using the phone,45.75
bole to speechless.bindass,45.75
mins it charges,45.75
display hardware awesome,45.75
ko pata hai,45.75
cheap headphones '',45.75
official forum thread,45.75
rear and front,45.75
sensor works flawlessly,45.75
display is bright,45.75
week till date,45.75
iska koi mukabla,45.75
mobile gets hot,45.75
iron box ..,45.75
phone in android,45.75
purchased a phone,45.75
battery draining quickly..i,45.75
colors.. excellent contrast,45.75
great except heating,45.75
speaker is loud,45.75
heating issue '',45.75
awesome smooth.5 wifi,45.75
yesmagnetic sensor- nonfc,45.75
delivery speed ...,45.75
rear sound quality,45.75
sensor-4/5amazon delivery- 2/5,45.75
multitasking just finger,45.75
wowwwwwwwwwwwwww ... ...,45.75
temperature rises rapidly,45.75
screen readability sunlight,45.75
suddenly the phone,45.75
plastic body phone,45.75
called flagship smartphone,45.75
chinese companies coming,45.75
cheating stability update..,45.75
üíµ*design is good,45.75
warm a bit,45.75
found any bad,45.75
power ensures full,45.75
`` camera hangs,45.75
4g data on.conclusiona,45.75
phone on thursday..,45.75
delivery on 19th,45.75
photos while opening,45.75
watched a 2hr,45.75
3g data access2,45.75
specification is charging,45.75
problem while multiple,45.75
supported - hoping,45.75
product for everyone.i,45.75
touch '' issues,45.75
product.my only concern,45.75
`` 1.light weight2.supper,45.75
camera for 15mins,45.75
yesterday ( 30th,45.75
awesome phonesuperb battery,45.75
n't a capacitive,45.75
positive impact ..,45.75
company in bhuj-kutch..,45.75
activity for longer,45.75
normal ... ..coming,45.75
storageall the data,45.75
reading long reviews,45.75
packing and delivery,45.75
rating it 8/10,45.75
find an option,45.75
increase to 20-30,45.75
enoughgets os update,45.75
fix this moto,45.75
pretty good too.2.the,45.75
reviews before buying,45.75
technically expert though.the,45.75
absolute beauty ...,45.75
courier company services..,45.75
purchased this phone,45.75
iphone 5s user,45.75
uncomfortable here .because,45.75
power buttons hard,45.75
charger is n't,45.75
phone.camera is superb.immediately,45.75
worst piece display,45.75
6p..this is short,45.75
motorola and lenovo,45.75
great looking phone,45.75
noticed screen fluctuation,45.75
reduce the brightness,45.75
goodpositive viewscamera rear,45.75
`` the fone,45.75
heating is normal,45.75
min of recording,45.75
performance and camera.after,45.75
lot of research,45.75
`` pretty good,45.75
bit ... usp,45.75
count on app,45.75
quality ... finger,45.75
storage and ram,45.75
device in detail,45.75
found those buttons,45.75
output through headphone,45.75
superb with bass,45.75
`` good sides.1,45.75
camerafinger print scanner,45.75
missing is magnetic,45.75
setting and change,45.75
`` ghost touch,45.75
good as iphone,45.75
downloaded some apps,45.75
phone2.great display3.marshmallow os4.light,45.75
`` not technically,45.75
thinking ... .ty,45.75
bugs and battery,45.75
cameragood performancefinger print,45.75
read other mobile,45.75
delivery very slow,45.75
awsm ... .specially,45.75
image quality.faster focus,45.75
fully within 2hrs,45.75
3. call quality,45.75
quality and output,45.75
awesome works fluidic,45.75
selling my lg,45.75
heat during usage,45.75
sensorsbetter quality products,45.75
price segment.pros:1. fast,45.75
charge the battery,45.75
quality 2. lag,45.75
feel the quality..it,45.75
games always blindly,45.75
proof or water,45.75
motorola mobility team,45.75
issues.but my experience,45.75
minutes 3g data,45.75
na buy üòÄ,45.75
unable to communicate,45.75
've seen.. focuses,45.75
gb ram makes,45.75
hours of placing,45.75
unlocking system excites,45.75
crop & amp,45.75
order the moto,45.75
buy this budget,45.75
usage.in this lrice,45.75
budget in 15k,45.75
star de rha,45.75
good job lenovo,45.75
fon in range,45.75
inbuilt gallery '',45.75
buying the phone.with,45.75
usage.but nothing uncomfortable,45.75
game longer phone,45.75
stock and instant,45.75
lighting condition ...,45.75
smooth and silkytotally,45.75
5/5display - 4/5performance,45.75
played with xiome,45.75
picture from front,45.75
terms of form,45.75
love it '',45.75
due to high,45.75
mobile getting heating,45.75
apps like whatsapp,45.75
phone s pretty,45.75
.running smoothly ...,45.75
ist and opted,45.75
good.+very fast fingerprint,45.75
`` update v3.0,45.75
tinted displayno compass,45.75
`` poor battery,45.75
..i bought moto,45.75
product with turbo,45.75
beauty ... ..i,45.75
takes continuous multi-touch,45.75
stunning ..both front,45.75
play storeminimum brightness,45.75
people for buying,45.75
gamer ) cons,45.75
received the package,45.75
battery is required,45.75
cropped up ...,45.75
restart it 3-4,45.75
complaining for heating,45.75
usage in terms,45.75
time the finger,45.75
deserves five star.only,45.75
arrow with gps,45.75
hang every time,45.75
purchased on 26.after,45.75
eyes and buy,45.75
good in usage.suddenly,45.75
sweet and called,45.75
quality is jst,45.75
camera app hangs,45.75
ram with water,45.75
sleek as b4,45.75
`` there phone,45.75
turns using maps.6,45.75
heating in normal,45.75
wobbly in design,45.75
robust and smooth,45.75
review.prosfast for everyday,45.75
phone for normal,45.75
hrs after launching,45.75
purchase from amazon,45.75
sensor is working,45.75
responsive.. i compared,45.75
drawback i find,45.75
ordered a 3gb,45.75
running heavy apps,45.75
... absolute beauty,45.75
problem with 3.5mm,45.75
regret ur decision,45.75
due to performance,45.75
phone for 7days,45.75
cost of 15k2,45.75
voice its total,45.75
gaming for extended,45.75
range ... back,45.75
backup.there are lot,45.75
decent.sound is good.performance,45.75
customize ur ui,45.75
usage ) ..motorola,45.75
software still facing,45.75
responding very quick,45.75
`` 1. amazing,45.75
moto ... '',45.75
frequent and accurate,45.75
disappointed the users,45.75
`` wowwwwwwwwwwwwww ...,45.75
manufacturer as thier,45.75
pros:1. very good,45.75
camera hubfinger print,45.75
lag free functioningstock,45.75
back panel fitted,45.75
alarming to worry,45.75
phone and lot,45.75
soo quick..soo efficient,45.75
nice and sturdy,45.75
`` strongly recommend,45.75
32gb storage variant,45.75
opening the lock4.very,45.75
ram is avilableno,45.75
moto was nt,45.75
ruined our phone,45.75
motion video mode,45.75
love this phone,45.75
quality is great..,45.75
charing with turbo,45.75
quality both front,45.75
usage of cpu,45.75
phone nd reverse.no,45.75
phone got updated,45.75
liy is ly,45.75
overheating issues ...,45.75
great and good,45.75
resolution of display,45.75
phones from e-mobile,45.75
g1oly moto fans,45.75
quality has enhanced,45.75
feel the warmth,45.75
wait ..gud phone,45.75
good phone.. excellent,45.75
experianced any overheating,45.75
've purchased moto,45.75
search i choose,45.75
slow motion video.till,45.75
`` it reached,45.75
*fingerprint scanner works,45.75
bloated uifinger print,45.75
quality.touch is good,45.75
finger print sensor.as,45.75
phone in camera,45.75
match the quality,45.75
detailed review later.delivery,45.75
things may change,45.75
uh wo n't,45.75
light weight power,45.75
.battery and gaming,45.75
light ... '',45.75
grab this phone..,45.75
working fine ...,45.75
hu ... .i,45.75
continuously for 1-2,45.75
rear camera works,45.75
panel is raised,45.75
usage with 4g,45.75
charged properly .may,45.75
phonesfor camera 9/10for,45.75
facing problem related,45.75
sunlight is great,45.75
mini sim card..please,45.75
instant upgrade makes,45.75
good..regarding looks..functions..and everything..moreover,45.75
lock by finger,45.75
hardware awesome '',45.75
phone i read,45.75
15min 720p movie,45.75
wo n't regret,45.75
great job motorola,45.75
delivered this phone,45.75
display is nice,45.75
pretty great ...,45.75
chose another mobile,45.75
uptil now '',45.75
overheats 'a bit,45.75
3. best thing,45.75
dare to compare,45.75
battery will post,45.75
review.pros:1. good design,45.75
excellent phone heats,45.75
2/5 4- navigation/maps-,45.75
photo or video,45.75
warm on usage.but,45.75
deal with it.3,45.75
storage to external,45.75
sucks by cheating,45.75
navigation/maps- 3/5yellowish tinted,45.75
bright for night,45.75
xphone does n't,45.75
inch giant screen,45.75
awesome and camera,45.75
`` to day,45.75
dropped xiome once..so,45.75
excellent n factory,45.75
dosto koi bhi,45.75
1.nice phone2.great display3.marshmallow,45.75
battery adds cherry,45.75
weeks i purchased,45.75
price range ...,45.75
facing a problem,45.75
generation smartphone.3 gb,45.75
angle u place,45.75
15k when apple,45.75
awesome..light wait ..gud,45.75
days and played,45.75
feel of screen,45.75
phone.. excellent camera,45.75
rear is absolute,45.75
morning with fast,45.75
`` genuine product,45.75
... .can clarity,45.75
ram makes life,45.75
.phone is working,45.75
phone had arrived,45.75
player and mobile,45.75
phone competes i-phone,45.75
games or turbo-charging,45.75
updates will rectify,45.75
support - yesmicrosd,45.75
hang while taking,45.75
applications are running,45.75
calls nd package,45.75
mobilefast sensorsbetter quality,45.75
focus is good,45.75
dont even dare,45.75
panel fitted improper,45.75
n't last long//,45.75
display not accurate,45.75
find any disadvantage,45.75
awesome camera.no lags.calling,45.75
moto turbo charger,45.75
phone back side,45.75
charge within 3hrs,45.75
betweem moto g4+,45.75
huge heating issues,45.75
sadly no.ir blaster,45.75
things what ppl,45.75
phone with super,45.75
usage in wifi,45.75
... heating problem,45.75
evening ... suddenly,45.75
faced any heating,45.75
whatsapp and fb,45.75
good.the major problem,45.75
heated up.good camera,45.75
amazon a couple,45.75
true that phone,45.75
hard to press,45.75
raised above camera,45.75
lagging.. no heating,45.75
charging but cools,45.75
quality and accuracy,45.75
songs the phone,45.75
.. i suggest,45.75
low light conditions,45.75
mobile with specifications,45.75
charging tge phone,45.75
processor and metal,45.75
added the pictures,45.75
side metal frame,45.75
se kahi guna,45.75
`` it starts,45.75
print scanner working,45.75
awesome ... .i,45.75
apps is fast.the,45.75
fan buy '',45.75
efficiency .overall thumbs,45.75
card to phone,45.75
hrs to completely,45.75
`` lovely features1.light,45.75
heating the heat,45.75
heating issue ...,45.75
star.camera 5*.display 5.fingerprint,45.75
status of delivery,45.75
turned into happiness,45.75
variant at midnight,45.75
front is stunning,45.75
badly disappointed ..,45.75
`` simple review.prosfast,45.75
seller.if we talk,45.75
dolby not supported,45.75
fix the heating,45.75
redmi note 3.,45.75
sot without battery,45.75
has.3.charger like heavy,45.75
chinese brands zuk,45.75
problem is phone,45.75
minno lacksgood experiencegood,45.75
... .ty '',45.75
hd as mentioned,45.75
scanner is quick,45.75
superb..so do n't,45.75
games like modern,45.75
stability update.. cpu,45.75
camera qualitygood battery,45.75
note redmi note3,45.75
... ] 1-fingerprint,45.75
feel of cheap,45.75
bought a 13000k,45.75
feels very stronghold..i,45.75
camera and frankly,45.75
smartphones.overall very nice,45.75
mobile was hitting,45.75
earlier ibwas hving,45.75
imagine the performance,45.75
gorilla glass screen5,45.75
amazon took additional,45.75
whatsapp and fb..no,45.75
1- using camera,45.75
... will recommend,45.75
finger print scannerstock,45.75
multitasking.. camera quality,45.75
thinking to buy,45.75
now..overall i dnt,45.75
variant.camera-4/5performance-4/5design-3.5/5fingerprint sensor-4/5amazon delivery-,45.75
*has dual led,45.75
moment the sale,45.75
felt its sensor,45.75
great ram management,45.75
mention some drawbacks,45.75
heavy metal.otherwise fancy,45.75
appsgood camera qualitybattery,45.75
camera and great,45.75
charging is quick,45.75
damn good phone,45.75
things are great,45.75
talk about battery,45.75
hardware and software,45.75
excellent mobileexcellent workingcamera,45.75
device gets heated,45.75
apps dataheating issueduring,45.75
issues till now..overall,45.75
sim ( dual,45.75
mobile was delivered,45.75
act as home,45.75
budget phone '',45.75
appreciable..recieved the product,45.75
6:00 pm ist,45.75
... when holding,45.75
zeepy fast ...,45.75
21st may ..,45.75
delivery was selected,45.75
gb of ram,45.75
perfect.i was expecting,45.75
lacksgood experiencegood camerabut,45.75
gb ram phone,45.75
back up ...,45.75
mobile for 10days,45.75
gb ... .this,45.75
1st i received,45.75
de rha hu,45.75
'm rating product,45.75
n't like courier,45.75
install all apps,45.75
... whole day,45.75
purchase of moto,45.75
provide this product,45.75
disappointed in amazon,45.75
charging the touch,45.75
crisp displayabove average,45.75
love the stock,45.75
drain fast '',45.75
phone really camera,45.75
os4.light weight5.fingerprint reader,45.75
list longerback panel,45.75
update will fix,45.75
touch stop working,45.75
replaced model afterb7,45.75
app .while charging,45.75
playing games .mobile,45.75
cards ... buy,45.75
update soon '',45.75
making positive impact,45.75
focusno lagginess smooth,45.75
compensated with google,45.75
delay during sharp,45.75
received the product,45.75
good ... low,45.75
vl not blame,45.75
awesome product ...,45.75
thumbs up ...,45.75
`` the finish,45.75
superb and camera,45.75
apps or movies,45.75
heats- 2/5 2-,45.75
call quality 4.,45.75
... .turbo charging,45.75
class.overall the phone,45.75
photos the camera,45.75
smartphone with premium,45.75
gamingheating after camera,45.75
setting custom ringtone,45.75
handover a brick,45.75
lot of negative,45.75
heated up..usually bearable,45.75
round spot '',45.75
`` the touch,45.75
headphoneno notification ledno,45.75
kya chahiye ...,45.75
'm fully satisfied,45.75
kos i trust,45.75
keyboard from play,45.75
purchased moto g4,45.75
amazonpro's-about the product,45.75
device that you‚Äôll,45.75
start using it..also,45.75
cools down automatically.no,45.75
minutes as claimed,45.75
worry about anything.this,45.75
recommend it honestly,45.75
wonderful..phone does n't,45.75
`` just amazing,45.75
iron box ...,45.75
network giving issue,45.75
print scannerstock androidsuper,45.75
pure android marshmallow,45.75
lock is quick,45.75
colorsthe fingerprint sensor,45.75
charger for initial,45.75
fast3 ) excellent,45.75
amazing phone.. camera,45.75
camera in natural,45.75
phone with android,45.75
`` no doubt,45.75
mobile actually costs,45.75
good and appreciable..recieved,45.75
`` the experience,45.75
quality and colours,45.75
mobility team ...,45.75
accurate and sharp,45.75
saved in internal,45.75
faced till date,45.75
finally motorola delivers,45.75
turbo charger provided,45.75
calls or receiving,45.75
butthe headphone socket,45.75
touch is ultimate,45.75
decided to return,45.75
mobile for day,45.75
`` no regrets,45.75
iphone ... .white,45.75
sharp color production,45.75
buy white color,45.75
shubhamrpatel @ hotmail.com32gb,45.75
charging is provided,45.75
product at rs,45.75
superb phone guys,45.75
.corning gorilla glass,45.75
... .i 've,45.75
phone is excellent,45.75
... lenovo moto,45.75
min to charge,45.75
therebought this phone,45.75
phone on 26th,45.75
plugged the device,45.75
headphones are working,45.75
heats during turbocharging.switching,45.75
use.keep in mind,45.75
ones5.speakers ... .coming,45.75
power packed crystal,45.75
water resistent capability.moto,45.75
heating on regular,45.75
sensor is accurate,45.75
moto g ...,45.75
finger print scanner,45.75
quick ... '',45.75
removed from charging,45.75
design ( similar,45.75
`` good phone..,45.75
poor.while playing games,45.75
aware to people,45.75
high end apps,45.75
moto g3 .5,45.75
price phone ...,45.75
cover is made,45.75
redmi note3 '',45.75
good too.2.the display,45.75
time ... ...,45.75
camera ... ..its,45.75
it..also battery draining,45.75
camera and gaming,45.75
initial flash sale,45.75
detects the finger,45.75
5-front ) -clarity,45.75
hours the reluctance,45.75
.specially in low,45.75
battery lifeload speaker,45.75
good at nyte..glass,45.75
normal use '',45.75
issues found '',45.75
backup is good..,45.75
full day ...,45.75
phone does warm,45.75
good even cam,45.75
.under price phone,45.75
handset luking pretty,45.75
.thank you '',45.75
tge phone heats,45.75
awestruck camera quality,45.75
technical issues ...,45.75
hrs with moderate,45.75
prize segment.. .go,45.75
comment below '',45.75
-camera is awesomeno,45.75
shutter lag.and good,45.75
small apps users,45.75
octa core processor.finger,45.75
qualitygood battery lifeotg,45.75
navigation ) flash,45.75
juggling between appsgood,45.75
hv gone goodit,45.75
charge lasts 9hrs2,45.75
heating problem reviews,45.75
battery life excellent,45.75
poor packagingpoor headphonesi,45.75
..good finger print,45.75
*big & amp,45.75
ui is good,45.75
phone from amazon,45.75
phone was replaced,45.75
otg works fast.not,45.75
lagawesome slow motion,45.75
g4 plus ko,45.75
smartphone.3 gb ram,45.75
28th may ...,45.75
`` when compared,45.75
breaking of voice,45.75
buy üòÄ '',45.75
product just worth,45.75
mp frontinternal memory,45.75
piece of smartphone.pros,45.75
'' issues ...,45.75
good for usage.no,45.75
10days review works,45.75
good built quality..,45.75
display damaged '',45.75
screen is full,45.75
moto brand trust.pros-great,45.75
8/10 ) output,45.75
uihigh end performancefinger,45.75
volumn and power,45.75
buy under 15k,45.75
sound quality coming,45.75
bcoz of sound,45.75
lovely features1.light weight2.simple,45.75
loving this phone,45.75
1.light weight2.supper build,45.75
fine ... .laser,45.75
multiple colors..started hanging..i,45.75
good battery backup,45.75
... was undecided,45.75
backup is extremely,45.75
sold the product,45.75
display except battery,45.75
`` software problems,45.75
instant battery backup.there,45.75
oneplus or xioame,45.75
'm gon na,45.75
pros are sleek,45.75
ordered the phone,45.75
heats too muchand,45.75
scanner - yesmagnetic,45.75
15k do n't,45.75
phone but overheating,45.75
trust in motorola,45.75
`` good mobile,45.75
... its heating,45.75
g4 plus moto,45.75
5-10 minutes 3g,45.75
happy about ...,45.75
manager the photos,45.75
good.. no complains,45.75
par on expectations,45.75
app from internal,45.75
26th may 6:00,45.75
display looks stunning,45.75
scratches on edges..box,45.75
idea network giving,45.75
`` got moto,45.75
on.conclusiona very good,45.75
ram - 32gb,45.75
days & amp,45.75
surely disappointed.. '',45.75
kami h phone,45.75
heated like hell,45.75
apple is selling,45.75
phone is worth,45.75
bet uh wo,45.75
temp in india,45.75
apps users ...,45.75
quality is good10.volume,45.75
version does n't,45.75
feedback of experience,45.75
review.any call drops,45.75
video mode ...,45.75
... i loved,45.75
backup awesomescreen touch,45.75
good.+very nice design,45.75
smooth and handset,45.75
marshmallow and turbo,45.75
yesterday this phone,45.75
print is awesome,45.75
restart the phone.phone,45.75
buttons are wobbly,45.75
fine.no over heating,45.75
delivery by amazon.in.very,45.75
wait was worth,45.75
best.heats in charging,45.75
20000k..the color production,45.75
guess we dont,45.75
price of 150006-using,45.75
price we pay,45.75
15k u ll,45.75
phone at 15k,45.75
hours of chatting,45.75
spread the romours,45.75
phone is amazing.camera,45.75
doubted about battery,45.75
usage with prompt,45.75
all.. juat grab,45.75
usage on 4g.no,45.75
phone.i really advise,45.75
3:30 next day,45.75
phone remains cool,45.75
thinkno over heating,45.75
light ... auto,45.75
doesnt have gallery,45.75
purchase.. motorola forum,45.75
click a picture,45.75
... go blindly,45.75
heats while charging,45.75
quick for instant,45.75
worth it ...,45.75
best.. battery backupis,45.75
... .laser focus,45.75
... only problem,45.75
wider front camerafinger,45.75
apps and charge,45.75
camera like sony,45.75
excellent delivery timeline,45.75
handset is light,45.75
charge full cycle//15-20,45.75
... .this moto,45.75
speaker has good,45.75
ph gets warm,45.75
`` completely satisfied,45.75
affordable with powerfull,45.75
problem with replacement,45.75
micromax or kaarbon,45.75
charges super fastas,45.75
minute of gamingheating,45.75
hot when battery,45.75
extentfew had reviewed,45.75
top notch.. coming,45.75
1.1 gb ram,45.75
data for long,45.75
itjust best phoneheating,45.75
day use bcoz,45.75
`` i ve,45.75
works really gud,45.75
overheating issues.it heats,45.75
battery - battery,45.75
cropped from mini,45.75
return both phones,45.75
smartphone.i bought lenovo,45.75
response on reviews,45.75
..the cons :1.,45.75
performance ... '',45.75
planning to buy,45.75
heated when camera,45.75
itens from sd,45.75
lag at allbattery,45.75
accurately also fast,45.75
alot of reviews,45.75
smooth to touch,45.75
... .in 15k..great,45.75
free functioningstock android,45.75
phone so much..,45.75
lot while gaming,45.75
buy this mobile,45.75
make it work,45.75
phone after selling,45.75
found it superb..so,45.75
expect little overheating,45.75
waiting for refund,45.75
min that time,45.75
phone was setting,45.75
heating problem.it heats,45.75
good phone '',45.75
product from moto,45.75
data over wifi,45.75
heating issues till,45.75
charges so fast,45.75
usual to moto,45.75
pictures.+turbo power charging,45.75
..but i didnt,45.75
3-4 apps running,45.75
amazon who delivered,45.75
sim to sim,45.75
paid their debt,45.75
colors are great,45.75
to10 % hours3.moto,45.75
phone during charging,45.75
dnt look bad.lenovo,45.75
fone is awesome,45.75
finger lock system,45.75
lagging.. no hanging,45.75
glass makes screen,45.75
camera finger print,45.75
battery gets charge,45.75
undecided between redmi,45.75
memory use..fingerprint sensor,45.75
battery charge lasts,45.75
faced any problem,45.75
j7 se kahi,45.75
campus ... ..liked,45.75
camera is stunning,45.75
2hr 15min 720p,45.75
slowmotin video recording,45.75
sample image attached,45.75
time.camera is good,45.75
.you get nervous,45.75
conditions ... .bt,45.75
sale.some of faq's-fingerprint,45.75
recommend this product,45.75
blinking ( hang,45.75
master to resolve,45.75
charging it heats,45.75
... .white color,45.75
money and full,45.75
extra.4 ) apps,45.75
secondary and prinary,45.75
saver ( pictures,45.75
unplug condition battery,45.75
thing internal memory,45.75
mb and installed,45.75
pe bharosa mt,45.75
..cemara is awesome..light,45.75
card instead ...,45.75
phone certainly feels,45.75
focus is daaaammmmmnn,45.75
moto g4 mobile,45.75
regrets after buying,45.75
moto ... .can,45.75
loose in box,45.75
flagships touch sensor..,45.75
camera and decent,45.75
delivered on time,45.75
downloaded almost 1gb,45.75
days of order,45.75
started showing multiple,45.75
n't absorb dirt,45.75
games for long,45.75
playing while playing,45.75
mobile hs snapdragon,45.75
heatup ... ..that,45.75
matter with motorola,45.75
lot about 'problems,45.75
good the mics,45.75
phone was absolutely,45.75
silkytotally good features,45.75
front and back,45.75
simply gr8 phone,45.75
gb available space3-front,45.75
cam or flash,45.75
smartphone yet ...,45.75
wonderfully even mine,45.75
good and output,45.75
ram and octa,45.75
fast..with no internal,45.75
days of use..pro,45.75
smartphone and amazon,45.75
2/5 2- gaming,45.75
bought this device,45.75
find any bug,45.75
day with moderate,45.75
poor quality headphonesapp,45.75
raises to 65¬∞c,45.75
knw why lenovo,45.75
box ... ..but,45.75
heating when gaming,45.75
problem while charging,45.75
skeptical to buy,45.75
cools really fast..overall,45.75
3- watching movies-,45.75
mobiles special feature,45.75
eagerly to buy,45.75
introuduce their uispeaker,45.75
separate bloated uifinger,45.75
segemnt.mobile is heats,45.75
download time extra.4,45.75
daaaammmmmnn sexxyy ...,45.75
feel while operating,45.75
ca n't describe,45.75
moto again proves,45.75
mind blasting feature,45.75
charging ... .outdoor,45.75
bit during turbo,45.75
long time ...,45.75
camera 9/10for touch,45.75
day i received,45.75
product a 5starbut,45.75
light conditions ...,45.75
totally in love,45.75
dirt as compared,45.75
comfortable and nice,45.75
place the finger,45.75
arrived before time,45.75
normal during turbocharging,45.75
hang and cracks,45.75
price segment ..,45.75
good performance overall.heating,45.75
minimum apps.camera average,45.75
love to brought,45.75
se use kr,45.75
seller..but the product,45.75
birthday ... performance,45.75
amiable electronics private,45.75
people are complaining,45.75
notification ledno notification,45.75
quality and video,45.75
performancefinger print scannercons,45.75
well..selfie not upto,45.75
requested a replacement..,45.75
produced same spec,45.75
excellent product ...,45.75
cracks during recording,45.75
question about photo,45.75
ram no lag.fingerprint,45.75
version since ram,45.75
coming soon.update v2.0,45.75
time.but for small,45.75
... .this mobile,45.75
rapidly outside jst,45.75
awesome delivery speed,45.75
heating problem.the phone,45.75
day so kudos,45.75
scanner is works,45.75
phone for past,45.75
midrange smartphone.i bought,45.75
games and camera,45.75
battery lifeotg supportsgood,45.75
action for manufacturer,45.75
3days so update,45.75
written abt phone,45.75
days to deliver,45.75
worth the money,45.75
sexxyy ... fingerprint,45.75
clarity is top,45.75
wan na buy,45.75
touch 10/10for speed,45.75
g4 displays excellent,45.75
phones at 70-80k,45.75
charger ... loved,45.75
quality is stunning,45.75
... u ll,45.75
-does not displays,45.75
opened the box,45.75
end.overall good specs,45.75
thread of motorola,45.75
provided are gud,45.75
charging with turbo,45.75
moto gflawless gaming,45.75
internal storage3gb ramfingerprint,45.75
find app lock,45.75
unloking the phone,45.75
loved slow motion,45.75
good volume controls,45.75
quickly at time,45.75
day+pointsphone is awesone,45.75
g4 mobile white,45.75
high speed charging,45.75
performancebetter and wider,45.75
camera then takes,45.75
smoothly.. no lagging..,45.75
heating issues remain,45.75
moto brand reliability,45.75
days of continues,45.75
okayfinger print unlocks,45.75
provided to customer..,45.75
quoted in indiatoday,45.75
fast ... .most,45.75
immensely improvedfingerprint sensor,45.75
5starbut amazon service,45.75
`` i 've,45.75
lag.and good camera,45.75
warm during charging,45.75
`` i replaced,45.75
update download time,45.75
worthy than others..just,45.75
kr rha hu,45.75
fine ... .in,45.75
good32 gb internal,45.75
bit of time,45.75
marshmallow 6.0.1 runs,45.75
corning gorilla glass,45.75
lagdecent camera professional,45.75
job lenovo ...,45.75
nice camera .but,45.75
serve its purpose,45.75
changed.worst amazon experience,45.75
option to create,45.75
clear and camera,45.75
issues while browsing,45.75
recommend 32gb variant.camera-4/5performance-4/5design-3.5/5fingerprint,45.75
backupis also runs,45.75
damn premium ...,45.75
gb internal storage3gb,45.75
version ) weight,45.75
love the screen,45.75
sim cards ...,45.75
good cell phone,45.75
lenovo takeover moto.there,45.75
option than micromax,45.75
up..usually bearable heat,45.75
`` dear friends,45.75
system excites customers,45.75
buy this fone,45.75
`` was skeptical,45.75
camera is good,45.75
par on quality,45.75
connecting to charger,45.75
.camera - 5/5display,45.75
week every thing,45.75
warm after watching,45.75
camera looking wise,45.75
recommend this awesome,45.75
class many compare,45.75
`` initial impressions,45.75
back side ...,45.75
scratches too easily..no,45.75
bit of heat,45.75
display3.marshmallow os4.light weight5.fingerprint,45.75
.thanksany questions comment,45.75
speciality ) performance:5/5camera,45.75
finally got delivered,45.75
issues.1.5 gb ram,45.75
turbo charger ...,45.75
badlokking for cam,45.75
thing is perfect.i,45.75
print sensorcamerafast chargingcons,45.75
class service provided,45.75
change the default,45.75
miss a single,45.75
camera starts heating,45.75
phone has issues,45.75
screen shot option,45.75
bearable heat only..,45.75
issue faced till,45.75
multi game handling,45.75
koi mukabla ni,45.75
.. no lag,45.75
`` product reached,45.75
1. camera quality,45.75
... great job,45.75
days but amazon,45.75
6+ hours sot,45.75
performance in phone,45.75
10k meizu m3,45.75
software like bubble,45.75
clicking some pictures,45.75
heating when turbo,45.75
nice for avg,45.75
sensor is zeepy,45.75
fine in quality.touch,45.75
..phone is heating,45.75
time i brought,45.75
specifications and battery,45.75
amazon team dilevered,45.75
hv to observe,45.75
sluggish while running,45.75
backup is good.+very,45.75
*awesome mobile design,45.75
mode of marshmallow,45.75
it.. worth buying,45.75
ram ..the cons,45.75
compromise the heating,45.75
rate ... ..,45.75
unbelievable..overall great experience,45.75
received the handset,45.75
mobile on 25th,45.75
ownwed by lenovo,45.75
option for normal,45.75
lag while opening,45.75
movies- 2/5 4-,45.75
product and superb,45.75
issue on battery,45.75
weight and slim,45.75
hard to make,45.75
mindblowing no noise,45.75
games like ashpalt,45.75
heating issue faced,45.75
games with high,45.75
camera quality 2.,45.75
`` received yesterday,45.75
management and heat,45.75
week of usage.the,45.75
problem.. does n't,45.75
gift box mobile,45.75
functioningstock android experience,45.75
ordered motog 4+,45.75
pros and cons.pros:1,45.75
unlocks within fraction,45.75
uifinger print sensor,45.75
brands in market.for,45.75
`` hi guys,45.75
motion ( good,45.75
scannerstock androidsuper fastcons,45.75
charging it performs,45.75
badlook and camera,45.75
screen it takes,45.75
... ... .moto,45.75
average with maximum,45.75
problem.it heats excessive,45.75
removable to put,45.75
print sensor responding,45.75
production from moto.people,45.75
compared zuk z1,45.75
good and responsive,45.75
gaming and hanging,45.75
read till end.overall,45.75
usp of mobile,45.75
`` the motorola,45.75
minute of usage.in,45.75
related to camera,45.75
day at max,45.75
sensitive to shakingcoming,45.75
related to software,45.75
superb..gorilla glass makes,45.75
battery.. @ camera,45.75
15k thought lacks,45.75
moto.there is heating,45.75
blast no longer,45.75
backup is good32,45.75
point and shoot,45.75
sharp and colors,45.75
side.thought the camera,45.75
found one thing,45.75
lg g3 prior,45.75
check imei number,45.75
sides.1 handy2 battery,45.75
update and factory,45.75
... auto focus,45.75
led notification led,45.75
long time --,45.75
smartpnoneproblemsmemory only 1.2,45.75
charging the phone,45.75
storage & amp,45.75
performer like moto,45.75
pure google..5*.charges device,45.75
you‚Äôll hardly feel,45.75
`` really excellent,45.75
print unlocking system,45.75
thing is amazing,45.75
moto g4 plus=,45.75
speed ..good finger,45.75
`` battery life,45.75
dangerous for usage,45.75
entertainment.i dnt find,45.75
flash.sowtware pure google..5*.charges,45.75
6s or nexus,45.75
ultimate phone ...,45.75
whatsapp is saved,45.75
app for this.-phone,45.75
`` nice handset,45.75
lock nd volume,45.75
charging is great,45.75
piece for performance,45.75
bit of heating,45.75
update.and playing heavy,45.75
steal at 14999..,45.75
yesterday evening ...,45.75
front camerafinger print,45.75
phone costing 15k,45.75
`` awesome delivery,45.75
technical aspects.pros1.the phone,45.75
1. amazing camera,45.75
pieceam not addicted,45.75
godfire and gangstar,45.75
... .i love,45.75
12k redmi note,45.75
moto g4 plusa,45.75
charging and camera,45.75
phone is slightly,45.75
max for normal,45.75
brilliant.the animation schemes,45.75
buy mobile phones,45.75
games and internet,45.75
.with 4g data,45.75
camera is turned,45.75
touchpretty decent camera,45.75
`` ultimate phone,45.75
refund your money,45.75
'm a fan,45.75
5/5 ( multi,45.75
wrong and unannounced,45.75
product by moto,45.75
lasting for 30-35,45.75
delivers a slim,45.75
love that ...,45.75
internet finger print,45.75
user ... .bt,45.75
-clarity is good,45.75
added ) camera,45.75
face this problem,45.75
device is great,45.75
good displayreally good,45.75
followups the order,45.75
camera & amp,45.75
.compared to previous,45.75
movies or games.excellent,45.75
amazon 1/5but phone,45.75
options like gestures,45.75
soup of whethr,45.75
superb camara excellent,45.75
smooth performancehigh camera,45.75
put the phone,45.75
optimum brightness ...,45.75
experience is buttery,45.75
expensive phonesfor camera,45.75
sensor ever ..cemara,45.75
cheap headphoneno notification,45.75
camera quality secondary,45.75
phone is light,45.75
simetime with touching,45.75
sensor ... .it,45.75
... ... dosto,45.75
confused with home,45.75
display is good,45.75
android and software,45.75
... very fast..faster,45.75
performanceturbo charger supplied,45.75
product with back,45.75
mobile is camera,45.75
feel camera finger,45.75
sensor works crispoverall,45.75
works very smoothly,45.75
hai or camera,45.75
gaming for 30mins-,45.75
impressions are great,45.75
pretty good.its easy,45.75
hrs .with 4g,45.75
gaming and multimedia,45.75
switch without lagging.2,45.75
brand trust.pros-great camera,45.75
cons in detail,45.75
only.. otherwise great,45.75
half an hour,45.75
... .moto ko,45.75
iphone 6s score,45.75
... good job,45.75
recognises some time..so,45.75
games like asphalt,45.75
... ... lenovo,45.75
phone while charging,45.75
usage.suddenly i observed,45.75
ensures full charge,45.75
fit five star.camera,45.75
.1 no mobile,45.75
charging with moto,45.75
hr to charge,45.75
operations while charging,45.75
midnight.camera sample image,45.75
screen resolution ...,45.75
ph is great,45.75
price with branded,45.75
used.apart from this.camera,45.75
receiving the calls,45.75
good10.volume and power,45.75
ram is good,45.75
good from holding,45.75
apps are running,45.75
great..u never feels,45.75
good and attractive,45.75
eye ... screen,45.75
6.0.1 runs smooth,45.75
phones from past,45.75
awesome mobile '',45.75
camera will stand,45.75
features are great,45.75
`` super phone,45.75
`` a damn,45.75
lot of people,45.75
micro sim card,45.75
`` my phone,45.75
free with minimum,45.75
i-phone 6s camera,45.75
gameplay the phone,45.75
bt the ph,45.75
heats a bit,45.75
provided in box,45.75
phone get heats,45.75
thing the gorilla,45.75
good sides.1 handy2,45.75
.moto ko pata,45.75
touch and autolock,45.75
ramfingerprint senser works,45.75
working and simetime,45.75
`` simply gr8,45.75
auto focusno lagginess,45.75
koi bhi comment,45.75
... low light,45.75
minutes of camera,45.75
26gb user memory,45.75
timeline by amazon,45.75
super fast speed,45.75
good only single,45.75
research and development,45.75
smoothly ... camera,45.75
use..it was selaed,45.75
register your finger,45.75
describe itüëåüëçüëåüëçüëåüëç '',45.75
quality 4. screen,45.75
day after full,45.75
hand i thought,45.75
g4 plus excellent,45.75
felt ... ..,45.75
button is loose,45.75
angle.built looks premium,45.75
open file manager,45.75
g4 plus today,45.75
night at 12:06,45.75
low lighting condition,45.75
`` truly moto,45.75
delivered the mobile,45.75
design looks damn,45.75
alot of heating,45.75
`` 1.nice phone2.great,45.75
fast multitasking.. camera,45.75
picture with flash,45.75
beats iphone.+very nice,45.75
camera ..light weight..,45.75
fast shutter speed.4,45.75
issuesonly gets heated,45.75
fast and amazing,45.75
problem is common,45.75
heat while playing,45.75
piece of technology,45.75
issues ... bt,45.75
model butthe headphone,45.75
hardcore big games,45.75
rating .first mobile,45.75
turbo power ensures,45.75
... ..its awsm,45.75
lock4.very decent ui,45.75
camera - stunning,45.75
painful.2.no notification lights,45.75
fast as iphone,45.75
software over hardware,45.75
delivery was awesome,45.75
good battery life3,45.75
brightness too bright,45.75
high level ...,45.75
`` hello guys,45.75
facility like quick,45.75
surprise.i am pretty,45.75
issue is bit,45.75
4/5speed - 5/5this,45.75
device is run,45.75
weight2.simple design3.clear dimensions4,45.75
package on 4th,45.75
`` battery backup,45.75
good as expected,45.75
heating problem.its temperature,45.75
phone once --,45.75
life is good3,45.75
decided to buy,45.75
heat up problem,45.75
it`s an excellent,45.75
feel that issue,45.75
lightweight and delivers,45.75
negative reviews.after reading,45.75
flash or play,45.75
phone..it will nice,45.75
option to make,45.75
handy and body,45.75
charging.. my daily,45.75
flash sale offer,45.75
kudos to delivery,45.75
phone works smoothly..,45.75
guard n back,45.75
occupies more space,45.75
15k this thing,45.75
fraction of secondsscreen,45.75
... .it wont,45.75
`` amazing specification,45.75
... .lakin ek,45.75
prob so far.best,45.75
fast and accurate,45.75
great with games,45.75
expecting a nice,45.75
hubfinger print scanner,45.75
date of 28/5/2016,45.75
days supurb phone,45.75
problem no bugs,45.75
g4 plus heating,45.75
received my phone,45.75
quality..it is made,45.75
..üòëno other issues..,45.75
weeks..and its working,45.75
moto wins.. people,45.75
`` just loving,45.75
fast fingerprint scanner,45.75
regret in future,45.75
15k..great screen resolution,45.75
usage the temperature,45.75
good.for any query-,45.75
phone ever ...,45.75
charging and simultaneously,45.75
start with drawback,45.75
love the smoothness,45.75
normal.little bit heat,45.75
n't find app,45.75
screen though fast,45.75
reset the phone,45.75
2. lag free,45.75
mins of charging,45.75
jst after clicking,45.75
`` just opened,45.75
super phone infact,45.75
cheap quality '',45.75
awesome it fast,45.75
pros and cons,45.75
love the background,45.75
worth for money,45.75
condition battery back,45.75
updated the software,45.75
fastas well '',45.75
mark ..the sold,45.75
phone m gallery,45.75
application will switch,45.75
brilliant camera awesome,45.75
android no words,45.75
blame the seller..but,45.75
amazon.i 'm rating,45.75
underclock the cpu,45.75
lagginess smooth performanceturbo,45.75
range with smooth,45.75
paking was worst..phone,45.75
others..just 1.1 gb,45.75
previous moto gflawless,45.75
8/10 for ur,45.75
heating like iron.again,45.75
show notification '',45.75
samsung galaxy s3,45.75
fine.love the camera,45.75
guna achha hai,45.75
cam is awesome.cam,45.75
`` the expectations,45.75
clarity also awesome,45.75
booked on 24th,45.75
*has expandable memory,45.75
working very fast,45.75
great with splendid,45.75
satisfied with moto,45.75
app icon '',45.75
`` guys phone,45.75
received a defective,45.75
android marshmallow 6.0.1,45.75
runs whole day,45.75
compared to lenovo,45.75
menu list longerback,45.75
upgrade from 3g,45.75
colors..started hanging..i wont,45.75
customer ko kya,45.75
bought this mobile,45.75
icon & amp,45.75
gr8 fast multitasking..,45.75
.. i ordered,45.75
specialy for selfies,45.75
days to asses..,45.75
heating issues '',45.75
`` during charging,45.75
jst awesome ...,45.75
camera when compare,45.75
sims & amp,45.75
`` overall moto,45.75
fluid and smooth,45.75
`` man dont,45.75
life is pretty,45.75
phone as fast,45.75
hour.speaker was good,45.75
touch2.finger print sensor3.quickly,45.75
.even though number,45.75
superior camera piece,45.75
`` best mobile,45.75
day in ordinary,45.75
top ... totally,45.75
use.cant really judge..would,45.75
device for charging,45.75
mobile is awesome,45.75
z1..but after sale,45.75
giving incorrect information,45.75
gps round spot,45.75
week the phone,45.75
issues have cropped,45.75
heating when charging,45.75
`` awesome camera.no,45.75
decided to wait,45.75
expert though.the finger,45.75
n't get heatup.it,45.75
give the quality,45.75
... by amazonpro's-about,45.75
connectivity is good.6,45.75
hello.received on31st may.pakage,45.75
awesome camera quality,45.75
saverconscamera needs ois,45.75
mb software update,45.75
mobile is great,45.75
affect the performance,45.75
phone ... .running,45.75
camera both rear,45.75
detecting my aircel,45.75
`` excellent mobile,45.75
reading some review,45.75
day today usage,45.75
`` excellent mobileexcellent,45.75
gaming app stops,45.75
runned very smoothlyafter,45.75
built in gallery,45.75
images are sharp,45.75
... finger lock,45.75
great cameragood crisp,45.75
buying it '',45.75
give a solution,45.75
bought lenovo moto,45.75
defect i found,45.75
lag in heavy,45.75
faced is heating,45.75
schedule my phone,45.75
stock.the moto g4,45.75
smooth performanceturbo charger,45.75
... it charges,45.75
worth the price,45.75
displays ever ...,45.75
morning i 'm,45.75
sensor works accurately,45.75
weight2.supper build quality3.camera,45.75
great ... bt,45.75
phone.. finger print,45.75
though.the finger lock,45.75
afterb7 days wait,45.75
replacement phone today,45.75
camera for long,45.75
price of 15k,45.75
`` hand set,45.75
weekjust another average,45.75
phone in 15kbut,45.75
*has otg support,45.75
reading.otherwise all fine.no,45.75
feather touch2.finger print,45.75
`` read alot,45.75
backup is excellent,45.75
... with vivid,45.75
review later.delivery rating=,45.75
team ... cheers,45.75
good cameragood performancefinger,45.75
chahiye ... .1,45.75
care of product,45.75
camera.no lags.calling quality,45.75
cover is easily,45.75
end performancefinger print,45.75
fast and touch,45.75
product is good.l.no,45.75
days of usage..moto,45.75
`` awesome phonesuperb,45.75
phone with good,45.75
nonfc - nootg,45.75
.the only con,45.75
light image quality.faster,45.75
decent for modrate,45.75
battery does n't,45.75
speakers sound quality,45.75
facing overheating issues.it,45.75
contrast ... optimum,45.75
company n amazon,45.75
fast..faster than iphone,45.75
... no issues,45.75
way.great battery life,45.75
`` the hopeless,45.75
`` *awesome mobile,45.75
moto is good,45.75
steady hands needed,45.75
quality and speaker,45.75
samsung j7 se,45.75
issues while connecting,45.75
disadvantage i felt,45.75
.i 'm loving,45.75
awesone ..fastest fingure,45.75
model afterb7 days,45.75
charging battery life,45.75
good sound qualitycamera,45.75
g4 plus ...,45.75
handy2 battery life,45.75
resolution ... ram,45.75
listen and leave,45.75
.i love moto,45.75
similar to galaxy,45.75
issues of heating,45.75
post my update,45.75
competes i-phone 6s,45.75
video k liy,45.75
awesome..pure android stock,45.75
system is awesome,45.75
twicw awesome mobile,45.75
`` my nexus,45.75
fast they delivered,45.75
non-uniform and oddly-placed,45.75
calls and entertainment.i,45.75
disappointed with amazon,45.75
n't feel good,45.75
sale was opened,45.75
infact a week,45.75
dont think twicw,45.75
bad.now about phone,45.75
heating while running,45.75
camera with descent,45.75
heats the phone,45.75
issues n all..,45.75
shipping butfor 15k,45.75
`` hello friends,45.75
... .i checked,45.75
price is totally,45.75
duplicate icon issue,45.75
lenovo ... great,45.75
phones temperature reaches,45.75
senser works wellinstalled61,45.75
k4 note redmi,45.75
... ..super gadget,45.75
heating while changing,45.75
15k segment ...,45.75
updated latest android,45.75
phone will heat,45.75
moto iska koi,45.75
usage like calls,45.75
comparison betweem moto,45.75
vegas which runned,45.75
taking a video,45.75
thought the battery,45.75
touch is pretty,45.75
mobile looking cute.camera,45.75
fancy and mind,45.75
better.4.missing gallery unlike,45.75
... dosto koi,45.75
delivered by 21st,45.75
user of moto,45.75
`` vfm phone,45.75
turbo charge works,45.75
casual user ...,45.75
features like brilliant,45.75
features of phone,45.75
needed while taking,45.75
love this handset,45.75
bit a heater,45.75
issue.no any issues,45.75
cpu z app,45.75
phone get heats.but,45.75
times a day,45.75
recommend to peoples,45.75
ki customer ko,45.75
... back camera,45.75
upto that mark,45.75
browsing ( 4hrs,45.75
5.5 inch giant,45.75
pm when device,45.75
screen one handed,45.75
material is good,45.75
30mins- 3/5 3-,45.75
expected ... '',45.75
camera ... .battery,45.75
cropped sim cards,45.75
5.unlocks in flash.sowtware,45.75
everything..moreover amazon service,45.75
magnetic campus ...,45.75
press overall nice,45.75
packagingpoor headphonesi ordered,45.75
move r coppy,45.75
delivered ) '',45.75
playing games battery,45.75
ram and 32gb,45.75
light in weight,45.75
lag in games,45.75
excellent contrast ...,45.75
pictures see it3,45.75
camera 9/10for front,45.75
`` packing condition,45.75
faster then redmi,45.75
turbo charger works,45.75
ya the fp,45.75
camera professional mode,45.75
reader is nice6.battery,45.75
scanner is n't,45.75
sony mobilefast sensorsbetter,45.75
number in case,45.75
premium.very good performance,45.75
displays battery percentage,45.75
goodbatry backup awesomescreen,45.75
g4 plusa bang,45.75
good battery backupbetter,45.75
worried this time,45.75
works wellinstalled61 apps,45.75
quality very good,45.75
.extremly satisfied.no issu,45.75
... i watched,45.75
service is top,45.75
design and display,45.75
ledno notification count,45.75
reacts within mini,45.75
charging little bit,45.75
may.pakage from apptronics,45.75
4/5performance - 4/5battery,45.75
camera with full,45.75
camerabut amazon delivery,45.75
motorola for g4,45.75
buying this mobile,45.75
reducedlittle bit heating,45.75
phone from moto,45.75
wifi near speaker,45.75
notice any overheating,45.75
smoothly and efficiently,45.75
camera .but heating,45.75
box .. overheating,45.75
backup is goodfast,45.75
stuff.demoralized features1.bad quality,45.75
mobile working fine,45.75
lifeotg supportsgood front,45.75
`` suuppperb product,45.75
guys who spread,45.75
reviews ..amazon customer,45.75
phone on charging,45.75
moto e 1st,45.75
ni h photo,45.75
order finally arrived,45.75
resolve heating issues,45.75
camera quality amazing,45.75
`` awesome service.keep,45.75
phone with gr8,45.75
phone under 25k,45.75
high while video,45.75
feature full phone,45.75
placing the order,45.75
laser auto focusno,45.75
hopes for buying,45.75
fingerprint sensor ...,45.75
overall.heating while gaming,45.75
phone overall feature,45.75
job motorola mobility,45.75
`` amazing phone..,45.75
bill every purchase,45.75
good slightly heating,45.75
32gb 3gb one.the,45.75
brought any electronics,45.75
mb update appears,45.75
5*.display 5.fingerprint 5.unlocks,45.75
long time.finger print,45.75
games it heats,45.75
achha hai ...,45.75
hard to handle,45.75
good in hand,45.75
works flawlessly ...,45.75
gb ram ..the,45.75
speed.4 ) excellent,45.75
tested with motorola,45.75
ghost touch issue,45.75
lrice segment lenovo,45.75
showing multiple colors..started,45.75
mention imei number,45.75
`` worst piece,45.75
whethr to buy,45.75
worth under 15k,45.75
range good enough.battery,45.75
folders on main,45.75
camera and music,45.75
research and comparison,45.75
edges..box contents earphones,45.75
battery is awesome,45.75
`` very impressive,45.75
moderate - hard,45.75
heard a lot,45.75
scanner is good,45.75
heating issue mentioned,45.75
thing i noticed,45.75
`` excellent.proffessional camera,45.75
make it small,45.75
versions of moto,45.75
connected to turbocharger,45.75
b4 motorola handover,45.75
mobile .the phone,45.75
type of processes,45.75
basic ones5.speakers ...,45.75
return this mobile,45.75
received this mobile,45.75
packaging is worst,45.75
displayno compass sensor,45.75
delivered within time,45.75
touch is awesome,45.75
phone has good,45.75
features are good,45.75
loud and clear.2,45.75
playing game ...,45.75
install third party,45.75
charges the full,45.75
played a games,45.75
colours look great,45.75
product got delivered,45.75
mark ... '',45.75
vivid colors.. excellent,45.75
replaced this phone,45.75
company ... update,45.75
`` best thing,45.75
received the phone,45.75
change your courier,45.75
gon na write,45.75
loaded with good,45.75
reverse.no heating issues,45.75
superb ... hardware,45.75
piece for replacement,45.75
material.and yeah overheating,45.75
lenovo moto g4+,45.75
moto fans fan,45.75
release ( pic,45.75
.i have added,45.75
minutes as promised,45.75
suggest some solution,45.75
satisfaction and camera,45.75
camera does n't,45.75
good work amazon,45.75
phone infact ...,45.75
touch.excellent display.battery backup,45.75
opened on 18th,45.75
... ... .thank,45.75
reading few reviews,45.75
simply ca n't,45.75
ram - awesome,45.75
earlier moto smartphones.overall,45.75
though.all is plastic,45.75
use..fingerprint sensor dnt,45.75
motorola trust ...,45.75
loving every bit,45.75
nice phone..worth buying,45.75
hs snapdragon 615.,45.75
good vfm production,45.75
dual led flash,45.75
ur index finger,45.75
`` for amazon,45.75
mobile gets warm,45.75
heating and charges,45.75
phone with amazing,45.75
piece display damaged,45.75
hu ... ...,45.75
iphone i felt,45.75
large group selfies,45.75
.mobile ie.moto g4,45.75
exepcted a lot,45.75
life excellent works,45.75
bhi comment pe,45.75
upto some point,45.75
accidents about phone,45.75
touch issues started..,45.75
problem with touch,45.75
voice while making,45.75
storage3gb ramfingerprint senser,45.75
packing was excellent.here,45.75
led light activated.pros.1,45.75
lag.fingerprint sensor accurate,45.75
looks.i had ghost,45.75
sale on redmi,45.75
..its awsm ...,45.75
day before yesterday,45.75
installed only basic,45.75
`` hello.received on31st,45.75
time..so -1 star..,45.75
light is n't,45.75
camera works great..u,45.75
hands i felt,45.75
ram and finger,45.75
turbocharging.switching between apps,45.75
graphics and processing,45.75
`` the packaging,45.75
heatup quikly plz,45.75
loud enoughgets os,45.75
resolved before buying,45.75
screen is razor,45.75
latest android version6,45.75
looks..functions..and everything..moreover amazon,45.75
150006-using moto g4,45.75
camera is nice,45.75
quality products '',45.75
moto should work,45.75
phonesuperb battery backupi,45.75
excellent camera ..light,45.75
battery- for heavy,45.75
g4 plus fone,45.75
date of purchase..,45.75
ultimate ... typing,45.75
heated like oven,45.75
starfor moto g4,45.75
charging and cools,45.75
device is working,45.75
camera and touch,45.75
wifi ... ...,45.75
.in 15k..great screen,45.75
automatically.no other issues,45.75
enjoyed naked android,45.75
good marshmallow..no lag,45.75
gr8 phone ...,45.75
average and good,45.75
speaker is excellent,45.75
debt about battery..,45.75
buy this phone,22.875
print sensor works,22.875
upgrade to android,22.875
couple of days,22.875
camera is awesome,22.875
hot while charging,22.875
`` good phone,22.875
'' href= '',22.875
`` i received,22.875
packaging was good,22.875
`` best product,22.875
fan of moto,22.875
made of plastic,22.875
class= '' a-link-normal,22.875
slight heating problem,22.875
loved it ...,22.875
phone under 15k,22.875
star for camera,22.875
`` do n't,22.875
heating issues ...,22.875
laser auto focus,22.875
`` excellent phone,22.875
pretty good phone,22.875
awesome ... .here,22.875
con i found,22.875
backup is good,22.875
`` good performance,22.875
... five star,22.875
`` awesome ...,22.875
`` awesome camera,22.875
delivery by amazon,22.875
href= '' /moto-g-plus-4th-gen-black-32-gb/dp/b01ddp7gzk,22.875
`` awesome product,22.875
good battery life,22.875
'' > moto,22.875
g4 plus 32gb,22.875
`` i love,22.875
stock android experience,22.875
'' /moto-g-plus-4th-gen-black-32-gb/dp/b01ddp7gzk '',22.875
camera is great,22.875
3gb ram version,22.875
'' a-link-normal '',22.875
a-link-normal '' href=,22.875
playing heavy games,22.875
issue while charging,22.875
... camera quality,22.875
option to move,22.875
time of charging,22.875
... finger print,22.875
... fingerprint sensor,22.875
camera and display,22.875
good product ...,22.875
sensor is awesome,22.875
rha hu ...,22.875
crystal clear display,22.875
`` superb phone,22.875
ordered this mobile,22.875
... the phone,22.875
phone gets heated,22.875
fingerprint sensor works,22.875
charging & amp,22.875
phone does n't,22.875
pic attached clicked,22.875
close your eyes,22.875
money ... camera,22.875
`` this phone,15.249999999999924
`` excellent product,15.249999999999922
`` very nice,15.249999999999922
phone to buy,15.249999999999922
`` great phone,15.249999999999922
`` moto g4,15.249999999999922
slow motion video,15.24999999999992
phone is great,15.24999999999992
camera is pretty,15.24999999999992
`` good product,15.24999999999992
bought this phone,15.249999999999918
`` i bought,15.249999999999918
`` i 'm,11.4375
`` very good,11.4375
`` i ordered,11.4375
quality is good,11.4375
`` best phone,9.150000000000063
... .. '',7.624999999999964
writing this review,7.624999999999961
`` awesome phone,7.62499999999996
phone is good,7.624999999999959
finger print sensor,6.535714285714328
`` the phone,4.57500000000003
